{
    "title": "Homophones en Rap",
    "style": "Rap",
    "auto_style": "Un flow rythmé et éducatif pour apprendre les homophones",
    "lyrics": {
        "Refrain": "Sans ou s'en, faut bien les distinguer\nPeut, peu, peux, faut pas se mélanger\nNi ou n'y, faut bien les séparer\nSi ou s'y, faut bien les différencier",
        "Couplet 1": "Sans tristesse, il s'en va, c'est clair\nS'en est mis partout, du chocolat, c'est l'affaire\nSans hésitation, je te dis, c'est simple\nS'en aller, c'est partir, sans aucun exemple",
        "Couplet 2": "Elle peut réciter, toutes les fables de La Fontaine\nJe mange peu, pas beaucoup, c'est ma rengaine\nTu peux venir, si tu veux, c'est permis\nPeut, peu, peux, faut bien les définir ici",
        "Couplet 3": "Il n'aime ni les pommes ni les poires, c'est dit\nIl n'y a pas de problème, tout est bien compris\nNi ou n'y, faut bien les séparer\nPour ne pas se tromper, faut bien les utiliser",
        "Couplet 4": "Tu ne viens pas ? Si, je viens, c'est sûr\nMon fils s'y rend souvent, c'est une aventure\nSi ou s'y, faut bien les différencier\nPour ne pas se tromper, faut bien les utiliser",
        "Couplet 5": "Je n'ai jamais vu ça, c'est incroyable\nSa chemise est tachée, c'est regrettable\nLe chat erre çà et là, c'est visible\nÇà, dit Rosine, Monsieur est de mauvaise humeur, c'est risible",
        "Pont": "Homophones, homophones, faut bien les connaître\nPour bien écrire, faut bien les reconnaître\nAvec ces astuces, tu seras imbattable\nDans le rap des homophones, tu seras remarquable"
    },
    "lyrics_without_formule": {
        "Refrain": "Sans ou s'en, faut bien les distinguer\nPeut, peu, peux, faut pas se mélanger\nNi ou n'y, faut bien les séparer\nSi ou s'y, faut bien les différencier",
        "Couplet 1": "Sans tristesse, il s'en va, c'est clair\nS'en est mis partout, du chocolat, c'est l'affaire\nSans hésitation, je te dis, c'est simple\nS'en aller, c'est partir, sans aucun exemple",
        "Couplet 2": "Elle peut réciter, toutes les fables de La Fontaine\nJe mange peu, pas beaucoup, c'est ma rengaine\nTu peux venir, si tu veux, c'est permis\nPeut, peu, peux, faut bien les définir ici",
        "Couplet 3": "Il n'aime ni les pommes ni les poires, c'est dit\nIl n'y a pas de problème, tout est bien compris\nNi ou n'y, faut bien les séparer\nPour ne pas se tromper, faut bien les utiliser",
        "Couplet 4": "Tu ne viens pas ? Si, je viens, c'est sûr\nMon fils s'y rend souvent, c'est une aventure\nSi ou s'y, faut bien les différencier\nPour ne pas se tromper, faut bien les utiliser",
        "Couplet 5": "Je n'ai jamais vu ça, c'est incroyable\nSa chemise est tachée, c'est regrettable\nLe chat erre çà et là, c'est visible\nÇà, dit Rosine, Monsieur est de mauvaise humeur, c'est risible",
        "Pont": "Homophones, homophones, faut bien les connaître\nPour bien écrire, faut bien les reconnaître\nAvec ces astuces, tu seras imbattable\nDans le rap des homophones, tu seras remarquable"
    },
    "music": [
        "90c3af84-9528-4cef-ab0a-744cd37dfa58",
        "1dd178c4-825f-45c0-bd37-16d694b1d6b6"
    ]
}