{
    "title": "Les Formules des Fonctions",
    "style": "Pop",
    "auto_style": "Une mélodie entraînante et éducative pour apprendre les fonctions",
    "lyrics": {
        "Couplet 1": "Une fonction c'est un procédé, \nQui associe x à y, \nOn note f(x) ou x vers y, \nC'est l'image de x par f, tu vois.",
        "Refrain": "Apprends les formules, les fonctions, \nAdditionne, soustrais, fais attention, \nLes variations, les compositions, \nTout devient clair avec des notions.",
        "Couplet 2": "f(x) = x² moins 2x moins 15, \nL'image de 7 c'est 20, c'est simple, \nDeux antécédents pour zéro, \nMoins 3 et 5, c'est beau.",
        "Couplet 3": "f + g, c'est x vers f(x) plus g(x), \nPour f - g, soustrais les ordonnées, \nLes courbes se dessinent, c'est magique, \nLes variations, on les suit, c'est pratique.",
        "Couplet 4": "Étudier les variations, \nC'est trouver les intervalles, \nOù la fonction est monotone, \nLe tableau de variations, c'est le signal.",
        "Pont": "Les fonctions de référence, \nComme f(x) = x², \nSur tout ℝ, elles dansent, \nLes variations, on les connaît.",
        "Couplet 5": "Les fonctions composées, \nComme f(x) = h(g(x)), \nD'abord g, puis h, c'est calculé, \nLes étapes sont claires, c'est explicite."
    },
    "lyrics_without_formule": {
        "Couplet 1": "Une fonction c'est un procédé, \nQui associe x à y, \nOn note f de x ou x vers y, \nC'est l'image de x par f, tu vois.",
        "Refrain": "Apprends les formules, les fonctions, \nAdditionne, soustrais, fais attention, \nLes variations, les compositions, \nTout devient clair avec des notions.",
        "Couplet 2": "f de x est égal à x au carré moins 2x moins 15, \nL'image de 7 c'est 20, c'est simple, \nDeux antécédents pour zéro, \nMoins 3 et 5, c'est beau.",
        "Couplet 3": "f plus g, c'est x vers f de x plus g de x, \nPour f moins g, soustrais les ordonnées, \nLes courbes se dessinent, c'est magique, \nLes variations, on les suit, c'est pratique.",
        "Couplet 4": "Étudier les variations, \nC'est trouver les intervalles, \nOù la fonction est monotone, \nLe tableau de variations, c'est le signal.",
        "Pont": "Les fonctions de référence, \nComme f de x est égal à x au carré, \nSur tout R, elles dansent, \nLes variations, on les connaît.",
        "Couplet 5": "Les fonctions composées, \nComme f de x est égal à h de g de x, \nD'abord g, puis h, c'est calculé, \nLes étapes sont claires, c'est explicite."
    },
    "music": [
        "3007c8b8-ac47-41f5-b74d-8778576ed054",
        "5a0d426e-bffb-4e76-934f-71bff0fad3a3"
    ]
}