{
    "title": "Découvrir les animaux domestiques",
    "style": "Rap",
    "auto_style": "Rap éducatif sur les animaux domestiques",
    "lyrics": {
        "Refrain": "Connaître les animaux, c'est vraiment cool, \nIls vivent avec nous, à la maison, c'est fou. \nChats, chiens, poissons, et même les canaris, \nTous ces animaux, ils sont nos amis.",
        "Couplet 1": "Les chats ronronnent, les chiens aboient, \nLes poissons nagent, les canaris chantent de joie. \nLes animaux domestiques, ils sont là pour nous, \nIls rendent la vie belle, chaque jour, c'est fou.",
        "Couplet 2": "Les chats aiment jouer, les chiens courent partout, \nLes poissons dans l'eau, les canaris chantent doux. \nApprenons leurs noms, leurs sons et leurs jeux, \nLes animaux domestiques, ils rendent la vie joyeuse.",
        "Couplet 3": "Les chiens sont fidèles, les chats sont malins, \nLes poissons colorés, les canaris sereins. \nIls nous apportent joie, amour et bonheur, \nLes animaux domestiques, ils sont notre chaleur.",
        "Pont": "Apprenons à les aimer, à bien les soigner, \nLes animaux domestiques, ils sont à choyer. \nIls nous donnent tant, ils méritent notre temps, \nLes animaux domestiques, ils sont importants."
    },
    "url": [],
    "music": []
}