{
    "title": "Chanson des Homophones",
    "style": "Pop",
    "auto_style": "Une mélodie pop entraînante pour mémoriser les homophones",
    "lyrics": {
        "Couplet 1": "Il était une fois, un roi et son chat, \nLe roi portait une couronne, le chat, un chapeau. \nLa mer est belle, mais mère est gentille, \nL'une est salée, l'autre est famille.",
        "Refrain": "Roi et chat, couronne et chapeau, \nDes homophones, apprenons-les, c'est rigolo! \nMer et mère, ver et verre, \nLes homophones, c'est un vrai mystère!",
        "Couplet 2": "Le ver est vert, il rampe dans l'herbe, \nLe verre est clair, il brille sous le soleil. \nLe pain est bon, mais le pin est grand, \nL'un se mange, l'autre est un géant.",
        "Couplet 3": "Le sel est blanc, mais celle est là, \nL'un assaisonne, l'autre est une femme. \nLe sceau est rond, mais saut est haut, \nL'un contient l'eau, l'autre est un bond.",
        "Pont": "Homophones, homophones, \nIls sonnent pareil, mais ne sont pas les mêmes. \nHomophones, homophones, \nApprenons-les, c'est un vrai poème."
    },
    "url": [],
    "music": []
}