{
    "title": "L'IA et ses Merveilles",
    "style": "Pop",
    "auto_style": "Mélodie entraînante et éducative sur les concepts et applications de l'IA",
    "lyrics": {
        "Couplet 1": "L'intelligence artificielle, un monde fascinant\nDes machines qui pensent, c'est impressionnant\nDes tâches humaines, elles prennent le relais\nAvec l'IA, tout devient plus aisé",
        "Refrain": "Comprendre l'IA, c'est essentiel\nPour un futur brillant et potentiel\nDes applications partout, c'est phénoménal\nL'IA transforme notre monde digital",
        "Couplet 2": "Reconnaissance vocale, un vrai prodige\nFaciale aussi, c'est une vraie magie\nLes voitures autonomes, elles roulent sans peur\nAvec Siri et Alexa, on a des assistants à toute heure",
        "Couplet 3": "Dans la médecine, l'IA fait des merveilles\nDiagnostiques précis, elle nous émerveille\nDans l'industrie, elle optimise les chaînes\nAvec l'IA, on gagne en efficacité certaine",
        "Pont": "L'IA, c'est plus qu'une simple tendance\nC'est une révolution, une vraie avancée\nPour comprendre ce monde en pleine croissance\nIl faut saisir ses bases et ses applications variées",
        "Conclusion": "L'IA continue de transformer nos vies\nOffrant des solutions, des innovations infinies\nComprendre ses principes, c'est la clé\nPour naviguer dans ce monde technologique et avancé"
    },
    "url": [],
    "music": []
}