{
    "title": "Couleurs en Rap",
    "style": "Rap Éducatif",
    "auto_style": "Rap simple et répétitif pour apprendre les couleurs",
    "lyrics": {
        "Couplet 1": "Rouge, bleu, vert et jaune, \nCe sont les couleurs que nous connaissons. \nRouge comme une pomme, bleu comme le ciel, \nVert comme l'herbe, jaune comme le soleil.",
        "Refrain": "Apprenons les couleurs, \nRouge, bleu, vert et jaune. \nApprenons les couleurs, \nC'est facile et amusant!",
        "Couplet 2": "Orange, violet, rose et marron, \nCe sont les couleurs que nous connaissons. \nOrange comme une carotte, violet comme une prune, \nRose comme une fleur, marron comme un ours brun.",
        "Couplet 3": "Blanc, noir, gris et beige, \nCe sont les couleurs que nous voyons. \nBlanc comme la neige, noir comme la nuit, \nGris comme les nuages, beige comme du pain.",
        "Pont": "Toutes ces couleurs, \nDans notre monde, \nElles nous entourent, \nPartout où l'on va."
    },
    "url": [],
    "music": []
}