{
    "title": "Philosophical Reflections on Life and Death",
    "style": "Rap",
    "auto_style": "A reflective and contemplative melody with a rhythmic beat",
    "lyrics": {
        "Introduction": "Exploring the essence of existence and the inevitability of mortality.",
        "Verse 1": "Life, a journey of experiences, emotions, and growth.\nEach moment a fleeting glimpse of the infinite.\nWe walk this path, not knowing where it leads,\nBut every step we take, we plant the seeds.",
        "Chorus": "To live is to embrace the unknown,\nTo die is to return to the eternal mystery.\nIn life, we seek, we learn, we grow,\nIn death, we find the peace we know.",
        "Verse 2": "Death, not an end but a transformation.\nA passage to another state of being, beyond our comprehension.\nWe fear the dark, but it's just another phase,\nA part of the cycle, the eternal maze.",
        "Verse 3": "Philosophers ponder the meaning, seeking wisdom,\nIn the cycle of life and death, they find the rhythm.\nQuestions arise, answers are elusive,\nBut in the search, we find life is inclusive.",
        "Bridge": "In understanding both, we find peace and purpose,\nA deeper connection to the universe.\nLife and death, two sides of the same coin,\nIn this dance, our spirits join.",
        "Conclusion": "In understanding both, we find peace and purpose,\nA deeper connection to the universe.\nLife and death, intertwined in harmony,\nIn this truth, we find our destiny."
    },
    "url": [],
    "music": []
}